{
    "ChargeMagic": {
        "ParticleSystems": {
            "Normal": {
                "AccelerationFields": {},
                "Emitters": {
                    "Normal": {
                        "AlignToDirection": false,
                        "ColorMax": [
                            1.0,
                            0.29411765933036804,
                            0.0,
                            1.0
                        ],
                        "ColorMin": [
                            1.0,
                            0.29411762952804565,
                            0.0,
                            1.0
                        ],
                        "Count": 1,
                        "EmitIn360Degrees": true,
                        "EmitterLifeTime": 0.0,
                        "EnableAlphaOverLifeTime": true,
                        "EnableColorOverLifeTime": false,
                        "EnableRotationOverLifeTime": false,
                        "EnableSizeOverLifeTime": true,
                        "Frequency": 0.5,
                        "IsBillboard": true,
                        "LifeTimeMax": 0.4000000059604645,
                        "LifeTimeMin": 0.4000000059604645,
                        "Radius": 0.0,
                        "RotSpeed": [
                            0.0,
                            0.0,
                            0.0
                        ],
                        "RotateMax": [
                            0.0,
                            0.0,
                            0.0
                        ],
                        "RotateMin": [
                            0.0,
                            0.0,
                            0.0
                        ],
                        "ScaleMax": [
                            0.20000000298023224,
                            0.20000000298023224,
                            0.20000000298023224
                        ],
                        "ScaleMin": [
                            0.20000000298023224,
                            0.20000000298023224,
                            0.20000000298023224
                        ],
                        "TargetAlpha": 0.0,
                        "TargetColor": [
                            1.0,
                            1.0,
                            1.0
                        ],
                        "TargetScale": [
                            0.4000000059604645,
                            0.4000000059604645,
                            0.4000000059604645
                        ],
                        "Translation": [
                            0.0,
                            0.0,
                            0.0
                        ],
                        "VelocityMax": [
                            0.4000000059604645,
                            0.4000000059604645,
                            0.4000000059604645
                        ],
                        "VelocityMin": [
                            0.4000000059604645,
                            0.4000000059604645,
                            0.4000000059604645
                        ]
                    }
                },
                "GravityFields": {}
            }
        }
    }
}
