{
    "Dash": {
        "ParticleSystems": {
            "Smoke": {
                "AccelerationFields": {},
                "Emitters": {
                    "Smoke1": {
                        "AlignToDirection": false,
                        "ColorMax": [
                            1.0,
                            0.32156863808631897,
                            0.0,
                            1.0
                        ],
                        "ColorMin": [
                            1.0,
                            0.32352936267852783,
                            0.0,
                            1.0
                        ],
                        "Count": 20,
                        "EmitIn360Degrees": false,
                        "EmitterLifeTime": 0.3400000035762787,
                        "EnableAlphaOverLifeTime": true,
                        "EnableColorOverLifeTime": true,
                        "EnableRotationOverLifeTime": false,
                        "EnableSizeOverLifeTime": true,
                        "Frequency": 0.009999999776482582,
                        "IsBillboard": true,
                        "LifeTimeMax": 0.800000011920929,
                        "LifeTimeMin": 0.4000000059604645,
                        "Radius": 1.0,
                        "RotSpeed": [
                            0.0,
                            0.0,
                            0.0
                        ],
                        "RotateMax": [
                            0.0,
                            0.0,
                            3.140000104904175
                        ],
                        "RotateMin": [
                            0.0,
                            0.0,
                            -3.140000104904175
                        ],
                        "ScaleMax": [
                            1.399999976158142,
                            1.399999976158142,
                            1.399999976158142
                        ],
                        "ScaleMin": [
                            1.0,
                            1.0,
                            1.0
                        ],
                        "TargetAlpha": 0.0,
                        "TargetColor": [
                            0.0,
                            0.0,
                            0.0
                        ],
                        "TargetScale": [
                            0.0,
                            0.0,
                            0.0
                        ],
                        "Translation": [
                            0.0,
                            0.0,
                            0.0
                        ],
                        "VelocityMax": [
                            0.0,
                            0.0,
                            -0.6000000238418579
                        ],
                        "VelocityMin": [
                            0.0,
                            0.0,
                            -0.4000000059604645
                        ]
                    },
                    "Smoke2": {
                        "AlignToDirection": false,
                        "ColorMax": [
                            1.0,
                            0.32156863808631897,
                            0.0,
                            1.0
                        ],
                        "ColorMin": [
                            1.0,
                            0.32156863808631897,
                            0.0,
                            1.0
                        ],
                        "Count": 20,
                        "EmitIn360Degrees": false,
                        "EmitterLifeTime": 0.3400000035762787,
                        "EnableAlphaOverLifeTime": true,
                        "EnableColorOverLifeTime": true,
                        "EnableRotationOverLifeTime": false,
                        "EnableSizeOverLifeTime": true,
                        "Frequency": 0.009999999776482582,
                        "IsBillboard": true,
                        "LifeTimeMax": 0.800000011920929,
                        "LifeTimeMin": 0.4000000059604645,
                        "Radius": 1.0,
                        "RotSpeed": [
                            0.0,
                            0.0,
                            0.0
                        ],
                        "RotateMax": [
                            0.0,
                            0.0,
                            0.0
                        ],
                        "RotateMin": [
                            0.0,
                            0.0,
                            0.0
                        ],
                        "ScaleMax": [
                            1.399999976158142,
                            1.399999976158142,
                            1.399999976158142
                        ],
                        "ScaleMin": [
                            1.0,
                            1.0,
                            1.0
                        ],
                        "TargetAlpha": 0.0,
                        "TargetColor": [
                            0.0,
                            0.0,
                            0.0
                        ],
                        "TargetScale": [
                            0.0,
                            0.0,
                            0.0
                        ],
                        "Translation": [
                            0.0,
                            0.0,
                            -4.0
                        ],
                        "VelocityMax": [
                            0.0,
                            0.0,
                            -0.6000000238418579
                        ],
                        "VelocityMin": [
                            0.0,
                            0.0,
                            -0.4000000059604645
                        ]
                    }
                },
                "GravityFields": {}
            },
            "SmokeRing": {
                "AccelerationFields": {},
                "Emitters": {
                    "SmokeRing": {
                        "AlignToDirection": false,
                        "ColorMax": [
                            1.0,
                            1.0,
                            1.0,
                            0.3921568691730499
                        ],
                        "ColorMin": [
                            1.0,
                            1.0,
                            1.0,
                            0.3921568691730499
                        ],
                        "Count": 1,
                        "EmitIn360Degrees": false,
                        "EmitterLifeTime": 0.3400000035762787,
                        "EnableAlphaOverLifeTime": true,
                        "EnableColorOverLifeTime": false,
                        "EnableRotationOverLifeTime": false,
                        "EnableSizeOverLifeTime": false,
                        "Frequency": 0.20000000298023224,
                        "IsBillboard": true,
                        "LifeTimeMax": 0.6000000238418579,
                        "LifeTimeMin": 0.6000000238418579,
                        "Radius": 0.0,
                        "RotSpeed": [
                            0.0,
                            0.0,
                            0.0
                        ],
                        "RotateMax": [
                            0.0,
                            0.0,
                            3.140000104904175
                        ],
                        "RotateMin": [
                            0.0,
                            0.0,
                            -3.140000104904175
                        ],