{
    "AerialAttack1": {
        "Charge": 0.8299999833106995,
        "Recovery": 2.3399999141693115,
        "Swing": 1.0
    },
    "AerialAttack2": {
        "Charge": 1.0399999618530273,
        "Recovery": 3.200000047683716,
        "Swing": 1.2000000476837158
    },
    "AerialAttack3": {
        "Charge1": 0.9700000286102295,
        "Charge2": 1.6200000047683716,
        "Charge3": 2.640000104904175,
        "Recovery1": 1.399999976158142,
        "Recovery2": 2.0,
        "Recovery3": 4.239999771118164,
        "Swing1": 1.1799999475479126,
        "Swing2": 1.7599999904632568,
        "Swing3": 2.8299999237060547
    },
    "BackhandAttack": {
        "Charge": 1.0,
        "Recovery": 3.0,
        "Swing": 1.399999976158142
    },
    "Dash": {
        "Charge": 0.1599999964237213,
        "Dash": 0.5,
        "Recovery": 1.4299999475479126
    },
    "DodgeBackward": {
        "Dodge": 0.9300000071525574,
        "Preparation": 0.20000000298023224,
        "Recovery": 1.659999966621399
    },
    "DodgeForward": {
        "Dodge": 0.9200000166893005,
        "Preparation": 0.23000000417232513,
        "Recovery": 1.0299999713897705
    },
    "DodgeLeft": {
        "Dodge": 0.8199999928474426,
        "Preparation": 0.20000000298023224,
        "Recovery": 0.9900000095367432
    },
    "DodgeRight": {
        "Dodge": 0.800000011920929,
        "Preparation": 0.14000000059604645,
        "Recovery": 0.9900000095367432
    },
    "FallingAttack": {
        "Charge": 0.8999999761581421,
        "Recovery": 2.0899999141693115,
        "Swing": 1.2200000286102295
    },
    "GroundAttack1": {
        "Charge": 0.6200000047683716,
        "Recovery": 1.559999942779541,
        "Swing": 0.7400000095367432
    },
    "GroundAttack2": {
        "Charge": 0.800000011920929,
        "Recovery": 1.6200000047683716,
        "Swing": 0.9399999976158142
    },
    "GroundAttack3": {
        "Charge1": 0.699999988079071,
        "Charge2": 1.2400000095367432,
        "Charge3": 2.4600000381469727,
        "Recovery1": 1.0,
        "Recovery2": 1.7799999713897705,
        "Recovery3": 3.559999942779541,
        "Swing1": 0.8600000143051147,
        "Swing2": 1.399999976158142,
        "Swing3": 2.559999942779541
    }
}
