{
    "Dash": {
        "Charge": 0.1599999964237213,
        "Dash": 0.5,
        "Recovery": 1.4299999475479126
    }
}
