{
    "EnemyWeapon": {
        "DefaultColliderOffset": [
            0.0,
            0.0,
            3.0
        ],
        "DefaultColliderSize": [
            2.0,
            2.0,
            2.0
        ],
        "Rotation": [
            0.0,
            0.0,
            1.600000023841858
        ],
        "Scale": [
            2.0,
            2.0,
            2.0
        ],
        "Translation": [
            0.23999999463558197,
            0.18000000715255737,
            0.03999999910593033
        ]
    }
}
