{
    "EnemyWeapon": {
        "DefaultColliderOffset": [
            0.0,
            0.0,
            3.0
        ],
        "DefaultColliderSize": [
            2.0,
            2.0,
            2.0
        ],
        "Rotation": [
            1.2000000476837158,
            0.0,
            1.600000023841858
        ],
        "Scale": [
            1.600000023841858,
            1.600000023841858,
            1.600000023841858
        ],
        "Translation": [
            0.07999999821186066,
            0.20000000298023224,
            -0.10000000149011612
        ]
    }
}
