{
    "PlayerWeapon": {
        "DefaultColliderOffset": [
            0.0,
            0.6000000238418579,
            2.200000047683716
        ],
        "DefaultColliderSize": [
            1.2000000476837158,
            1.2000000476837158,
            1.2000000476837158
        ],
        "Rotation": [
            0.0,
            0.0,
            1.0
        ],
        "Scale": [
            3.0,
            3.0,
            3.0
        ],
        "Translation": [
            0.4000000059604645,
            -0.10000000149011612,
            0.10000000149011612
        ]
    }
}
