{
    "Player": {
        "DodgeSpeed": 0.4000000059604645,
        "MoveSpeed": 0.4000000059604645
    }
}
