{
    "Player": {
        "ColliderOffset": [
            0.0,
            0.6000000238418579,
            0.0
        ],
        "OriginOffset": [
            0.0,
            -1.399999976158142,
            0.0
        ]
    }
}
