{
    "AAA": {
        "KeyFrame0": {
            "Fov": 45.0,
            "Position": [
                0.0,
                2.0,
                -10.0
            ],
            "Rotation": [
                0.0,
                0.0,
                0.0,
                1.0
            ],
            "Time": 0.0
        },
        "KeyFrame1": {
            "Fov": 45.0,
            "Position": [
                0.0,
                2.0,
                -10.0
            ],
            "Rotation": [
                0.0,
                0.0,
                0.0,
                1.0
            ],
            "Time": 3.2699999809265137
        },
        "KeyFrame2": {
            "Fov": 45.0,
            "Position": [
                0.0,
                2.0,
                -10.0
            ],
            "Rotation": [
                0.0,
                0.0,
                0.0,
                1.0
            ],
            "Time": 5.269999980926514
        }
    }
}
