{
    "Counter": {
        "KeyFrames": [
            {
                "EasingType": "Linear",
                "Fov": 60.0,
                "Position": [
                    2.0,
                    0.0,
                    -6.0
                ],
                "Rotation": [
                    0.17791345715522766,
                    -0.0985027551651001,
                    0.0,
                    0.979103684425354
                ],
                "Time": 0.0
            },
            {
                "EasingType": "Linear",
                "Fov": 60.0,
                "Position": [
                    2.0,
                    0.0,
                    -6.0
                ],
                "Rotation": [
                    0.1770479530096054,
                    -0.09851838648319244,
                    0.0,
                    0.9792590141296387
                ],
                "Time": 1.600000023841858
            }
        ],
        "ResetDuration": 1.0,
        "ResetEasingType": "EaseOut"
    }
}
