{
    "Dash": {
        "KeyFrame0": {
            "Fov": 45.0,
            "Position": [
                0.0,
                1.0,
                -10.0
            ],
            "Rotation": [
                0.0,
                0.0,
                0.0,
                1.0
            ],
            "Time": 0.0
        },
        "KeyFrame1": {
            "Fov": 70.0,
            "Position": [
                0.0,
                1.0,
                -20.0
            ],
            "Rotation": [
                0.0,
                0.0,
                0.0,
                1.0
            ],
            "Time": 0.04600000008940697
        },
        "KeyFrame2": {
            "Fov": 70.0,
            "Position": [
                0.0,
                1.0,
                -20.0
            ],
            "Rotation": [
                0.0,
                0.0,
                0.0,
                1.0
            ],
            "Time": 0.05999999865889549
        },
        "KeyFrame3": {
            "Fov": 45.0,
            "Position": [
                0.0,
                1.0,
                -10.0
            ],
            "Rotation": [
                0.0,
                0.0,
                0.0,
                1.0
            ],
            "Time": 0.06599999964237213
        }
    }
}
