{
    "FallingAttack": {
        "KeyFrames": [
            {
                "EasingType": "Linear",
                "Fov": 45.0,
                "Position": [
                    0.0,
                    -0.5,
                    -10.0
                ],
                "Rotation": [
                    0.0,
                    0.0,
                    0.0,
                    1.0
                ],
                "Time": 0.0
            },
            {
                "EasingType": "Linear",
                "Fov": 45.0,
                "Position": [
                    0.0,
                    -0.5,
                    -10.0
                ],
                "Rotation": [
                    0.5269396901130676,
                    0.0,
                    0.0,
                    0.8499027490615845
                ],
                "Time": 1.399999976158142
            },
            {
                "EasingType": "Linear",
                "Fov": 70.0,
                "Position": [
                    0.0,
                    -0.5,
                    -20.0
                ],
                "Rotation": [
                    0.5266852974891663,
                    0.0,
                    0.0,
                    0.8500604033470154
                ],
                "Time": 1.5
            },
            {
                "EasingType": "Linear",
                "Fov": 70.0,
                "Position": [
                    0.0,
                    -0.5,
                    -20.0
                ],
                "Rotation": [
                    0.5266852974891663,
                    0.0,
                    0.0,
                    0.8500604033470154
                ],
                "Time": 2.4000000953674316
            }
        ],
        "ResetDuration": 0.4000000059604645,
        "ResetEasingType": "EaseOut"
    }
}
