{
    "FallingAttack": {
        "KeyFrame0": {
            "Fov": 45.0,
            "Position": [
                0.0,
                1.0,
                -10.0
            ],
            "Rotation": [
                0.0,
                0.0,
                0.0,
                1.0
            ],
            "Time": 0.0
        },
        "KeyFrame1": {
            "Fov": 45.0,
            "Position": [
                0.0,
                1.0,
                -10.0
            ],
            "Rotation": [
                0.5270000100135803,
                0.0,
                0.0,
                0.8500000238418579
            ],
            "Time": 1.399999976158142
        },
        "KeyFrame2": {
            "Fov": 70.0,
            "Position": [
                0.0,
                1.0,
                -20.0
            ],
            "Rotation": [
                0.5266852974891663,
                0.0,
                0.0,
                0.8500604033470154
            ],
            "Time": 1.5
        },
        "KeyFrame3": {
            "Fov": 70.0,
            "Position": [
                0.0,
                1.0,
                -20.0
            ],
            "Rotation": [
                0.5266852974891663,
                0.0,
                0.0,
                0.8500604033470154
            ],
            "Time": 1.7999999523162842
        },
        "KeyFrame4": {
            "Fov": 45.0,
            "Position": [
                0.0,
                1.0,
                -10.0
            ],
            "Rotation": [
                0.0,
                0.0,
                0.0,
                1.0
            ],
            "Time": 2.200000047683716
        }
    }
}
