{
    "GameOver": {
        "KeyFrames": [
            {
                "EasingType": "Linear",
                "Fov": 45.0,
                "Position": [
                    0.0,
                    -0.5,
                    -10.0
                ],
                "Rotation": [
                    0.0,
                    0.0,
                    0.0,
                    1.0
                ],
                "Time": 0.0
            },
            {
                "EasingType": "Linear",
                "Fov": 45.0,
                "Position": [
                    0.0,
                    -2.5,
                    -6.0
                ],
                "Rotation": [
                    0.0,
                    -1.0,
                    0.0,
                    0.0
                ],
                "Time": 1.0
            },
            {
                "EasingType": "Linear",
                "Fov": 45.0,
                "Position": [
                    0.0,
                    -2.5,
                    -6.0
                ],
                "Rotation": [
                    0.0,
                    0.9799995422363281,
                    0.0,
                    0.19899991154670715
                ],
                "Time": 1.2000000476837158
            },
            {
                "EasingType": "Linear",
                "Fov": 45.0,
                "Position": [
                    0.0,
                    -2.5,
                    -6.0
                ],
                "Rotation": [
                    0.0,
                    0.979920506477356,
                    0.0,
                    0.1993888020515442
                ],
                "Time": 2.3329999446868896
            }
        ],
        "ResetDuration": 1.0,
        "ResetEasingType": "EaseOut"
    }
}
