{
    "GroundAttack4": {
        "InterpolationSpeedGraduallyEasingType": "EaseOut",
        "KeyFrame0": {
            "EasingType": "Linear",
            "Fov": 45.0,
            "Position": [
                0.0,
                1.0,
                -10.0
            ],
            "Rotation": [
                0.0,
                0.0,
                0.0,
                1.0
            ],
            "Time": 0.0
        },
        "KeyFrame1": {
            "EasingType": "Linear",
            "Fov": 60.0,
            "Position": [
                2.0,
                0.0,
                -6.0
            ],
            "Rotation": [
                0.0,
                -0.23000000417232513,
                0.0,
                0.9731906652450562
            ],
            "Time": 0.009999999776482582
        },
        "KeyFrame2": {
            "EasingType": "Linear",
            "Fov": 60.0,
            "Position": [
                2.0,
                0.0,
                -6.0
            ],
            "Rotation": [
                0.0,
                -0.22969494760036469,
                0.0,
                0.9732626676559448
            ],
            "Time": 1.7999999523162842
        },
        "ResetInterpolationSpeedGraduallyTime": 0.6000000238418579
    }
}
