{
    "LaunchAttack": {
        "KeyFrame0": {
            "Fov": 45.0,
            "Position": [
                0.0,
                1.0,
                -10.0
            ],
            "Rotation": [
                0.0,
                0.0,
                0.0,
                1.0
            ],
            "Time": 0.0
        },
        "KeyFrame1": {
            "Fov": 45.0,
            "Position": [
                1.0,
                0.6000000238418579,
                -6.0
            ],
            "Rotation": [
                -0.04823283851146698,
                -0.25140380859375,
                -0.15435370802879333,
                0.9542770981788635
            ],
            "Time": 1.0
        },
        "KeyFrame2": {
            "Fov": 45.0,
            "Position": [
                1.0,
                0.6000000238418579,
                -6.0
            ],
            "Rotation": [
                -0.04800000041723251,
                -0.25099998712539673,
                -0.15399999916553497,
                1.0
            ],
            "Time": 1.2000000476837158
        },
        "KeyFrame3": {
            "Fov": 45.0,
            "Position": [
                0.0,
                1.0,
                -10.0
            ],
            "Rotation": [
                0.0,
                0.0,
                0.0,
                1.0
            ],
            "Time": 1.600000023841858
        }
    }
}
