{
    "LaunchAttack": {
        "KeyFrames": [
            {
                "EasingType": "Linear",
                "Fov": 45.0,
                "Position": [
                    0.0,
                    -0.8999999761581421,
                    -10.0
                ],
                "Rotation": [
                    0.0,
                    0.0,
                    0.0,
                    1.0
                ],
                "Time": 0.0
            },
            {
                "EasingType": "Linear",
                "Fov": 45.0,
                "Position": [
                    1.0,
                    -0.8999999761581421,
                    -6.0
                ],
                "Rotation": [
                    -0.04823283851146698,
                    -0.25140380859375,
                    -0.15435370802879333,
                    0.9542770981788635
                ],
                "Time": 1.0
            },
            {
                "EasingType": "Linear",
                "Fov": 45.0,
                "Position": [
                    1.0,
                    -0.8999999761581421,
                    -6.0
                ],
                "Rotation": [
                    -0.045996323227882385,
                    -0.24052242934703827,
                    -0.14757153391838074,
                    0.958256721496582
                ],
                "Time": 1.2000000476837158
            },
            {
                "EasingType": "Linear",
                "Fov": 45.0,
                "Position": [
                    0.0,
                    -0.5,
                    -10.0
                ],
                "Rotation": [
                    0.0,
                    0.0,
                    0.0,
                    1.0
                ],
                "Time": 1.600000023841858
            }
        ],
        "ResetDuration": 0.0,
        "ResetEasingType": "EaseOut"
    }
}
